Workbook

Sheet Açıklama
A1: RuleScope-DLP — SPEDIA eşleme incelemesi (100 kayıt)
A3: Amaç: Adaptörün SPEDIA metadata'sından ürettiği DLP eşlemelerini yazarın kayıt kayıt incelemesi.
A4: Kaynak: validation/output/manual_mapping_review.csv (değiştirilmedi). Seçim: seed 20261007, kategori başına 25 kayıt; yöntem için manual_mapping_review_method.md.
A6: Nasıl doldurulur
A7: • Yalnızca 'İnceleme' sayfasındaki SARI sütunları doldurun: 'Yazar değerlendirmesi' (açılır liste) ve 'Yazar açıklaması' (serbest metin).
A8: • GRİ sütunlar otomatik ön analizdir; insan kararı DEĞİLDİR. Değerlendirmenizi bunlardan bağımsız verin.
A9: • 2, 3 veya 4 seçildiğinde açıklama alanına kısa gerekçe yazın.
A11: Yazar değerlendirmesi seçenekleri
A12: 1 - Mevcut metadata eşlemeyi destekliyor
A13: 2 - Eşleme kurala uygun, ancak gerçek DLP anlamı için bağlam yetersiz
A14: 3 - Eşleme hatalı
A15: 4 - Karar verilemedi
... A24: Yazar açıklaması: Dış alıcı ve ek kaynakta görülüyor; gönderen kişisel adres, kurumsal kanal belirsiz.

Sheet İnceleme
A1: İnceleme ID | B1: Kategori | C1: Alt grup | D1: SPEDIA kayıt ID | E1: Zaman damgası | F1: Kaynak eylem (Action) | G1: Kaynak metadata | H1: Kaynak boyut bilgisi | I1: Adaptör eşlemesi | J1: Koruma kapsamı | K1: Uygulanan adaptör kuralı | L1: Otomatik kontrol: kurala uygunluk | M1: Otomatik belirsizlik bayrağı | N1: Otomatik belirsizlik gerekçesi | O1: Diğer otomatik notlar | P1: Kaynakta doğrulanabilen | Q1: Kaynakta doğrulanamayan | R1: Yazar değerlendirmesi | S1: Yazar açıklaması
A2: MMR-A01 | B2: E-posta | C2: Dış alıcı + ek (e-posta koruma kapsamı) | D2: 00410450-56dc-4bb9-853f-9f18bc249e9f | E2: 2025-03-30 13:09:55.000 | F2: Email sent | G2: To/Cc/Bcc domains: sbcglobal.net;yahoo.com (external via: To;Cc); sender domain: sbcglobal.net Ham alıcılar: To=Avery-Fulton@yahoo.com;Nelle_Bowen@sbcglobal.net; Cc=Charity-Daniels@sbcglobal.net Ek sayısı (Attachments): 2.0 | H2: Size=23392.0 | I2: channel=Email; content_type=Attachment; data_classification=Restricted; destination_trust=Untrusted; device_trust=Managed; file_type=OTHER; size_mb=1 | J2: REQ_EMAIL_EXTERNAL_ATTACHMENT | K2: EMAIL: recipient domain of To/Cc/Bcc != dtaa.com -> Untrusted; Attachments>0 -> Attachment; external+attachment -> Restricted; external xor attachment -> Confidential; else Internal | L2: Kurala uygun | M2: Evet | N2: • Gönderen adresi dtaa.com dışında. Kayıt, kurumsal e-posta ağ geçidi yerine kişisel e-posta trafiği olabilir; adaptör göndereni dikkate almıyor. | O2: • Ek sayısı biliniyor; ekin adı, türü ve içeriği kaynakta yok. 'Restricted' sınıflandırması doğrulanamaz. | P2: Gönderim eylemi; alıcı alan adları; dış alıcı varlığı (dtaa.com tek iç alan adı varsayımıyla); ek sayısı. | Q2: Ek içeriği ve hassasiyeti; ek adı/türü; dtaa.com'un tek iç alan adı olduğu; gönderen cihaz. | R2: 2 - Eşleme kurala uygun, ancak gerçek DLP anlamı için bağlam yetersiz | S2: Alıcılar ve iki ek bulunduğu görülüyor. Ek içeriği bilinmediğinden Restricted sınıfı doğrulanamıyor; gönderenin kurumsal bağlamı da belirsiz
A3: MMR-A02 | B3: E-posta | C3: Dış alıcı + ek (e-posta koruma kapsamı) | D3: 076e1e1f-6169-45fe-bd33-636ee6a2629b | E3: 2025-03-30 12:56:04.000 | F3: Email sent | G3: To/Cc/Bcc domains: cox.net;hotmail.com;verizon.net;yahoo.com (external via: To;Cc); sender domain: hotmail.com Ham alıcılar: To=Francis_Buckner@verizon.net;RKF261@cox.net; Cc=Dacey_Bowen@yahoo.com;Roberts_Dante@hotmail.com Ek sayısı (Attachments): 1.0 | H3: Size=21077.0 | I3: channel=Email; content_type=Attachment; data_classification=Restricted; destination_trust=Untrusted; device_trust=Managed; file_type=OTHER; size_mb=1 | J3: REQ_EMAIL_EXTERNAL_ATTACHMENT | K3: EMAIL: recipient domain of To/Cc/Bcc != dtaa.com -> Untrusted; Attachments>0 -> Attachment; external+attachment -> Restricted; external xor attachment -> Confidential; else Internal | L3: Kurala uygun | M3: Evet | N3: • Gönderen adresi dtaa.com dışında. Kayıt, kurumsal e-posta ağ geçidi yerine kişisel e-posta trafiği olabilir; adaptör göndereni dikkate almıyor. | O3: • Ek sayısı biliniyor; ekin adı, türü ve içeriği kaynakta yok. 'Restricted' sınıflandırması doğrulanamaz. | P3: Gönderim eylemi; alıcı alan adları; dış alıcı varlığı (dtaa.com tek iç alan adı varsayımıyla); ek sayısı. | Q3: Ek içeriği ve hassasiyeti; ek adı/türü; dtaa.com'un tek iç alan adı olduğu; gönderen cihaz. | R3: 2 - Eşleme kurala uygun, ancak gerçek DLP anlamı için bağlam yetersiz | S3: Dış alıcılar ve bir ek bulunduğu görülüyor. Ekin içeriği bilinmediği için Restricted sınıfı doğrulanamıyor. Gönderenin kurumsal bağlamı da belirli değil.
A4: MMR-A03 | B4: E-posta | C4: Dış alıcı + ek (e-posta koruma kapsamı) | D4: 0cb107aa-3e51-43d2-b2aa-ded09ec8d704 | E4: 2025-03-25 22:53:00.000 | F4: Email sent | G4: To/Cc/Bcc domains: charter.net;msn.com;optonline.net (external via: To;Cc); sender domain: optonline.net Ham alıcılar: To=AJR5@charter.net; Cc=Allegra_Coffey@optonline.net;Meredith.A.Wolf@msn.com Ek sayısı (Attachments): 2.0 | H4: Size=18242.0 | I4: channel=Email; content_type=Attachment; data_classification=Restricted; destination_trust=Untrusted; device_trust=Managed; file_type=OTHER; size_mb=1 | J4: REQ_EMAIL_EXTERNAL_ATTACHMENT | K4: EMAIL: recipient domain of To/Cc/Bcc != dtaa.com -> Untrusted; Attachments>0 -> Attachment; external+attachment -> Restricted; external xor attachment -> Confidential; else Internal | L4: Kurala uygun | M4: Evet | N4: • Gönderen adresi dtaa.com dışında. Kayıt, kurumsal e-posta ağ geçidi yerine kişisel e-posta trafiği olabilir; adaptör göndereni dikkate almıyor. | O4: • Ek sayısı biliniyor; ekin adı, türü ve içeriği kaynakta yok. 'Restricted' sınıflandırması doğrulanamaz. | P4: Gönderim eylemi; alıcı alan adları; dış alıcı varlığı (dtaa.com tek iç alan adı varsayımıyla); ek sayısı. | Q4: Ek içeriği ve hassasiyeti; ek adı/türü; dtaa.com'un tek iç alan adı olduğu; gönderen cihaz. | R4: 2 - Eşleme kurala uygun, ancak gerçek DLP anlamı için bağlam yetersiz | S4: İki ek ve tanımlanan iç alan adı dışında alıcılar mevcut. Eklerin içeriği veya sınıflandırma etiketi verilmediğinden Restricted eşlemesi doğrulanamıyor. Kurumsal gönderim bağlamı belirsiz.
A5: MMR-A04 | B5: E-posta | C5: Dış alıcı + ek (e-posta koruma kapsamı) | D5: 11da2039-5027-4d0b-83ad-463e6f9ddd01 | E5: 2025-03-30 10:51:26.000 | F5: Email sent | G5: To/Cc/Bcc domains: comcast.net (external via: To); sender domain: verizon.net Ham alıcılar: To=JMK623@comcast.net Ek sayısı (Attachments): 1.0 | H5: Size=52452.0 | I5: channel=Email; content_type=Attachment; data_classification=Restricted; destination_trust=Untrusted; device_trust=Managed; file_type=OTHER; size_mb=1 | J5: REQ_EMAIL_EXTERNAL_ATTACHMENT | K5: EMAIL: recipient domain of To/Cc/Bcc != dtaa.com -> Untrusted; Attachments>0 -> Attachment; external+attachment -> Restricted; external xor attachment -> Confidential; else Internal | L5: Kurala uygun | M5: Evet | N5: • Gönderen adresi dtaa.com dışında. Kayıt, kurumsal e-posta ağ geçidi yerine kişisel e-posta trafiği olabilir; adaptör göndereni dikkate almıyor. | O5: • Ek sayısı biliniyor; ekin adı, türü ve içeriği kaynakta yok. 'Restricted' sınıflandırması doğrulanamaz. | P5: Gönderim eylemi; alıcı alan adları; dış alıcı varlığı (dtaa.com tek iç alan adı varsayımıyla); ek sayısı. | Q5: Ek içeriği ve hassasiyeti; ek adı/türü; dtaa.com'un tek iç alan adı olduğu; gönderen cihaz. | R5: 2 - Eşleme kurala uygun, ancak gerçek DLP anlamı için bağlam yetersiz | S5: Bir ek ve iç alan adı dışında bir alıcı görülüyor. Ek içeriği bilinmediğinden Restricted sınıfı doğrulanamıyor; gönderenin kurumla ilişkisi de kaynakta belirtilmiyor.
A6: MMR-A05 | B6: E-posta | C6: Dış alıcı + ek (e-posta koruma kapsamı) | D6: 1beb8b1f-5e5a-43f0-9341-06dd1c21e004 | E6: 2025-03-18 09:23:55.000 | F6: Email sent | G6: To/Cc/Bcc domains: charter.net;comcast.net;gmail.com;sbcglobal.net (external via: To); sender domain: gmail.com Ham alıcılar: To=Aladdin_Foley@comcast.net;Montana_Arnold@gmail.com;Charissa_Mcgee@charter.net;Nelle_Bowen@sbcglobal.net;Stephanie_Lyons@charter.net Ek sayısı (Attachments): 1.0 | H6: Size=26852.0 | I6: channel=Email; content_type=Attachment; data_classification=Restricted; destination_trust=Untrusted; device_trust=Managed; file_type=OTHER; size_mb=1 | J6: REQ_EMAIL_EXTERNAL_ATTACHMENT | K6: EMAIL: recipient domain of To/Cc/Bcc != dtaa.com -> Untrusted; Attachments>0 -> Attachment; external+attachment -> Restricted; external xor attachment -> Confidential; else Internal | L6: Kurala uygun | M6: Evet | N6: • Gönderen adresi dtaa.com dışında. Kayıt, kurumsal e-posta ağ geçidi yerine kişisel e-posta trafiği olabilir; adaptör göndereni dikkate almıyor. | O6: • Ek sayısı biliniyor; ekin adı, türü ve içeriği kaynakta yok. 'Restricted' sınıflandırması doğrulanamaz. | P6: Gönderim eylemi; alıcı alan adları; dış alıcı varlığı (dtaa.com tek iç alan adı varsayımıyla); ek sayısı. | Q6: Ek içeriği ve hassasiyeti; ek adı/türü; dtaa.com'un tek iç alan adı olduğu; gönderen cihaz. | R6: 2 - Eşleme kurala uygun, ancak gerçek DLP anlamı için bağlam yetersiz | S6: Dış alıcılara bir ek gönderildiği görülüyor. Ekin hassasiyetini gösteren içerik veya etiket bulunmadığından Restricted sınıfı doğrulanamıyor. Gönderenin kurumsal bağlamı da belirsiz.
A7: MMR-A06 | B7: E-posta | C7: Dış alıcı + ek (e-posta koruma kapsamı) | D7: 24ed7a7a-1a7d-4c16-b7b5-f6559e374752 | E7: 2025-03-30 13:29:09.000 | F7: Email sent | G7: To/Cc/Bcc domains: hotmail.com;msn.com (external via: To); sender domain: hotmail.com Ham alıcılar: To=Ariana_Frazier@hotmail.com;Jeanette-Rivera@msn.com Ek sayısı (Attachments): 1.0 | H7: Size=20245.0 | I7: channel=Email; content_type=Attachment; data_classification=Restricted; destination_trust=Untrusted; device_trust=Managed; file_type=OTHER; size_mb=1 | J7: REQ_EMAIL_EXTERNAL_ATTACHMENT | K7: EMAIL: recipient domain of To/Cc/Bcc != dtaa.com -> Untrusted; Attachments>0 -> Attachment; external+attachment -> Restricted; external xor attachment -> Confidential; else Internal | L7: Kurala uygun | M7: Evet | N7: • Gönderen adresi dtaa.com dışında. Kayıt, kurumsal e-posta ağ geçidi yerine kişisel e-posta trafiği olabilir; adaptör göndereni dikkate almıyor. | O7: • Ek sayısı biliniyor; ekin adı, türü ve içeriği kaynakta yok. 'Restricted' sınıflandırması doğrulanamaz. | P7: Gönderim eylemi; alıcı alan adları; dış alıcı varlığı (dtaa.com tek iç alan adı varsayımıyla); ek sayısı. | Q7: Ek içeriği ve hassasiyeti; ek adı/türü; dtaa.com'un tek iç alan adı olduğu; gönderen cihaz. | R7: 2 - Eşleme kurala uygun, ancak gerçek DLP anlamı için bağlam yetersiz | S7: Bir ekin tanımlanan iç alan adı dışındaki alıcılara gönderildiği görülüyor. Ek içeriği ve hassasiyet etiketi bulunmadığından Restricted sınıfı doğrulanamıyor. Kurumsal gönderim bağlamı da belirsiz
A8: MMR-A07 | B8: E-posta | C8: Dış alıcı + ek (e-posta koruma kapsamı) | D8: 28fc96be-bff1-469f-bdb8-b1be1171ab66 | E8: 2025-03-28 17:14:52.000 | F8: Email sent | G8: To/Cc/Bcc domains: aol.com;msn.com;netzero.com;sbcglobal.net;verizon.net (external via: To;Cc); sender domain: yahoo.com Ham alıcılar: To=Doris.Michael@aol.com;Morgan-Melyssa@sbcglobal.net;SRO185@msn.com;DRF33@netzero.com; Cc=Halee.K.Rhodes@verizon.net Ek sayısı (Attachments): 4.0 | H8: Size=29118.0 | I8: channel=Email; content_type=Attachment; data_classification=Restricted; destination_trust=Untrusted; device_trust=Managed; file_type=OTHER; size_mb=1 | J8: REQ_EMAIL_EXTERNAL_ATTACHMENT | K8: EMAIL: recipient domain of To/Cc/Bcc != dtaa.com -> Untrusted; Attachments>0 -> Attachment; external+attachment -> Restricted; external xor attachment -> Confidential; else Internal | L8: Kurala uygun | M8: Evet | N8: • Gönderen adresi dtaa.com dışında. Kayıt, kurumsal e-posta ağ geçidi yerine kişisel e-posta trafiği olabilir; adaptör göndereni dikkate almıyor. | O8: • Ek sayısı biliniyor; ekin adı, türü ve içeriği kaynakta yok. 'Restricted' sınıflandırması doğrulanamaz. | P8: Gönderim eylemi; alıcı alan adları; dış alıcı varlığı (dtaa.com tek iç alan adı varsayımıyla); ek sayısı. | Q8: Ek içeriği ve hassasiyeti; ek adı/türü; dtaa.com'un tek iç alan adı olduğu; gönderen cihaz. | R8: 2 - Eşleme kurala uygun, ancak gerçek DLP anlamı için bağlam yetersiz | S8: Dış alıcılara dört ek gönderildiği görülüyor. Eklerin içerikleri veya sınıflandırma etiketleri bulunmadığından Restricted eşlemesi doğrulanamıyor. Gönderenin kurumsal bağlamı da belirsiz.
A9: MMR-A08 | B9: E-posta | C9: Dış alıcı + ek (e-posta koruma kapsamı) | D9: 3be8c465-afe8-4365-97a3-23ebfa06b758 | E9: 2025-03-23 08:44:30.000 | F9: Email sent | G9: To/Cc/Bcc domains: bellsouth.net;charter.net;netzero.com;yahoo.com (external via: To;Cc); sender domain: verizon.net Ham alıcılar: To=Frances_A_Wiggins@bellsouth.net;FBA866@charter.net;Clinton-Wolfe@netzero.com; Cc=Fatima_U_Mcclure@yahoo.com Ek sayısı (Attachments): 2.0 | H9: Size=33007.0 | I9: channel=Email; content_type=Attachment; data_classification=Restricted; destination_trust=Untrusted; device_trust=Managed; file_type=OTHER; size_mb=1 | J9: REQ_EMAIL_EXTERNAL_ATTACHMENT | K9: EMAIL: recipient domain of To/Cc/Bcc != dtaa.com -> Untrusted; Attachments>0 -> Attachment; external+attachment -> Restricted; external xor attachment -> Confidential; else Internal | L9: Kurala uygun | M9: Evet | N9: • Gönderen adresi dtaa.com dışında. Kayıt, kurumsal e-posta ağ geçidi yerine kişisel e-posta trafiği olabilir; adaptör göndereni dikkate almıyor. | O9: • Ek sayısı biliniyor; ekin adı, türü ve içeriği kaynakta yok. 'Restricted' sınıflandırması doğrulanamaz. | P9: Gönderim eylemi; alıcı alan adları; dış alıcı varlığı (dtaa.com tek iç alan adı varsayımıyla); ek sayısı. | Q9: Ek içeriği ve hassasiyeti; ek adı/türü; dtaa.com'un tek iç alan adı olduğu; gönderen cihaz. | R9: 2 - Eşleme kurala uygun, ancak gerçek DLP anlamı için bağlam yetersiz | S9: İki ekin dış alıcılara gönderildiği görülüyor. Eklerin içerikleri veya hassasiyet etiketleri bulunmadığından Restricted sınıfı doğrulanamıyor. Gönderenin kurumsal bağlamı da belirsiz.
A10: MMR-A09 | B10: E-posta | C10: Dış alıcı + ek (e-posta koruma kapsamı) | D10: 40ab90e9-8d64-4461-b265-e93f30a7b588 | E10: 2025-03-19 18:39:06.000 | F10: Email sent | G10: To/Cc/Bcc domains: comcast.net (external via: To); sender domain: earthlink.net Ham alıcılar: To=Catherine_Bullock@comcast.net Ek sayısı (Attachments): 1.0 | H10: Size=24021.0 | I10: channel=Email; content_type=Attachment; data_classification=Restricted; destination_trust=Untrusted; device_trust=Managed; file_type=OTHER; size_mb=1 | J10: REQ_EMAIL_EXTERNAL_ATTACHMENT | K10: EMAIL: recipient domain of To/Cc/Bcc != dtaa.com -> Untrusted; Attachments>0 -> Attachment; external+attachment -> Restricted; external xor attachment -> Confidential; else Internal | L10: Kurala uygun | M10: Evet | N10: • Gönderen adresi dtaa.com dışında. Kayıt, kurumsal e-posta ağ geçidi yerine kişisel e-posta trafiği olabilir; adaptör göndereni dikkate almıyor. | O10: • Ek sayısı biliniyor; ekin adı, türü ve içeriği kaynakta yok. 'Restricted' sınıflandırması doğrulanamaz. | P10: Gönderim eylemi; alıcı alan adları; dış alıcı varlığı (dtaa.com tek iç alan adı varsayımıyla); ek sayısı. | Q10: Ek içeriği ve hassasiyeti; ek adı/türü; dtaa.com'un tek iç alan adı olduğu; gönderen cihaz. | R10: 2 - Eşleme kurala uygun, ancak gerçek DLP anlamı için bağlam yetersiz | S10: Bir ekin dış alıcıya gönderildiği görülüyor. Ekin içeriği veya hassasiyet etiketi bulunmadığından Restricted sınıfı doğrulanamıyor. Gönderenin kurumla ilişkisi kaynakta belirtilmiyor
A11: MMR-A10 | B11: E-posta | C11: Dış alıcı + ek (e-posta koruma kapsamı) | D11: 5db4a72a-c087-4f4c-a646-17b89713bc57 | E11: 2025-03-22 14:54:31.000 | F11: Email sent | G11: To/Cc/Bcc domains: boeing.com;dtaa.com (external via: To); sender domain: dtaa.com Ham alıcılar: To=Levine-Christian@boeing.com; Bcc=Malachi.Thor.Butler@dtaa.com Ek sayısı (Attachments): 1.0 | H11: Size=21037.0 | I11: channel=Email; content_type=Attachment; data_classification=Restricted; destination_trust=Untrusted; device_trust=Managed; file_type=OTHER; size_mb=1 | J11: REQ_EMAIL_EXTERNAL_ATTACHMENT | K11: EMAIL: recipient domain of To/Cc/Bcc != dtaa.com -> Untrusted; Attachments>0 -> Attachment; external+attachment -> Restricted; external xor attachment -> Confidential; else Internal | L11: Kurala uygun | M11: Hayır | N11: — | O11: • Alıcılar arasında hem iç (dtaa.com) hem dış alan adı var; "en az bir dış alıcı" kuralı nedeniyle dış gönderim sayıldı. • Ek sayısı biliniyor; ekin adı, türü ve içeriği kaynakta yok. 'Restricted' sınıflandırması doğrulanamaz. | P11: Gönderim eylemi; alıcı alan adları; dış alıcı varlığı (dtaa.com tek iç alan adı varsayımıyla); ek sayısı. | Q11: Ek içeriği ve hassasiyeti; ek adı/türü; dtaa.com'un tek iç alan adı olduğu; gönderen cihaz. | R11: 2 - Eşleme kurala uygun, ancak gerçek DLP anlamı için bağlam yetersiz | S11: Tanımlanan iç alan adından bir dış alıcıya ek gönderildiği görülüyor. İç alıcının da bulunması dış gönderimi ortadan kaldırmıyor. Ekin içeriği veya hassasiyet etiketi olmadığından Restricted sınıfı doğrulanamıyor.
A12: MMR-A11 | B12: E-posta | C12: Dış alıcı + ek (e-posta koruma kapsamı) | D12: 60da8c71-dbbe-4799-8c2c-a51cb00b7abc | E12: 2025-03-27 20:46:37.000 | F12: Email sent | G12: To/Cc/Bcc domains: earthlink.net;gmail.com (external via: To;Cc); sender domain: verizon.net Ham alıcılar: To=ECL525@gmail.com;BTM9@gmail.com; Cc=DHM736@earthlink.net Ek sayısı (Attachments): 1.0 | H12: Size=29914.0 | I12: channel=Email; content_type=Attachment; data_classification=Restricted; destination_trust=Untrusted; device_trust=Managed; file_type=OTHER; size_mb=1 | J12: REQ_EMAIL_EXTERNAL_ATTACHMENT | K12: EMAIL: recipient domain of To/Cc/Bcc != dtaa.com -> Untrusted; Attachments>0 -> Attachment; external+attachment -> Restricted; external xor attachment -> Confidential; else Internal | L12: Kurala uygun | M12: Evet | N12: • Gönderen adresi dtaa.com dışında. Kayıt, kurumsal e-posta ağ geçidi yerine kişisel e-posta trafiği olabilir; adaptör göndereni dikkate almıyor. | O12: • Ek sayısı biliniyor; ekin adı, türü ve içeriği kaynakta yok. 'Restricted' sınıflandırması doğrulanamaz. | P12: Gönderim eylemi; alıcı alan adları; dış alıcı varlığı (dtaa.com tek iç alan adı varsayımıyla); ek sayısı. | Q12: Ek içeriği ve hassasiyeti; ek adı/türü; dtaa.com'un tek iç alan adı olduğu; gönderen cihaz. | R12: 2 - Eşleme kurala uygun, ancak gerçek DLP anlamı için bağlam yetersiz | S12: Dış alıcılara bir ek gönderildiği görülüyor. Ek içeriği veya sınıflandırma etiketi bulunmadığından Restricted sınıfı doğrulanamıyor. Gönderenin kurumsal bağlamı da belirsiz.
... A101: MMR-D25 | B101: Dosya | C101: Yalnızca dosya adı, .doc uzantısı (OTHER) | D101: f046485a-2aaa-4fbd-aa8f-e2afa05f808a | E101: 2025-03-26 00:39:41.000 | F101: File accessed | G101: Filename: 72UEJ6HR.doc Path: (yok) | H101: none (Size, Size_before, Size_after empty) | I101: channel=EndpointApp; content_type=FileOperation; data_classification=Internal; destination_trust=Trusted; device_trust=Managed; file_type=OTHER; size_mb=0 | J101: none | K101: FILE: sensitivity keyword in Path -> SensitiveFile/Confidential; else FileOperation/Internal; file_type from extension of Filename (else Path) in {pdf,docx,xlsx,csv,zip,txt} else OTHER | L101: Kurala uygun | M101: Evet | N101: • Path yok, yalnızca dosya adı var; yol tabanlı hassasiyet kuralı uygulanamadı ve varsayılan FileOperation/Internal atandı. • Uzantı tanımlı dosya türleri (PDF, DOCX, XLSX, CSV, ZIP, TXT) arasında değil; file_type=OTHER. | O101: • Kaynakta boyut alanı yok; size_mb=0 atandı. | P101: Dosya eylemi; dosya adı veya yolu; uzantı. | Q101: Dosya içeriğinin hassasiyeti; gerçek dosya biçimi (yalnızca uzantı var); Path yoksa dizin konumu. | R101: 2 - Eşleme kurala uygun, ancak gerçek DLP anlamı için bağlam yetersiz | S101: DOC uzantısının OTHER olarak eşlenmesi modelin tür listesine uygun. Dosya yolu, içerik veya hassasiyet etiketi bulunmadığından varsayılan Internal sınıfı doğrulanamıyor. Boyut bilgisi eksik

Sheet Özet
A1: Kategori | B1: Kayıt | C1: Otomatik: kurala uygun | D1: Otomatik: belirsiz bayrağı | E1: Yazar: 1 destekliyor | F1: Yazar: 2 bağlam yetersiz | G1: Yazar: 3 hatalı | H1: Yazar: 4 karar verilemedi | I1: Yazar: değerlendirilmemiş
A2: E-posta | B2: =COUNTIFS(İnceleme!$B$2:$B$101,$A2) -> 25 | C2: =COUNTIFS(İnceleme!$B$2:$B$101,$A2,İnceleme!$L$2:$L$101,"Kurala uygun") -> 25 | D2: =COUNTIFS(İnceleme!$B$2:$B$101,$A2,İnceleme!$M$2:$M$101,"Evet") -> 19 | E2: =COUNTIFS(İnceleme!$B$2:$B$101,$A2,İnceleme!$R$2:$R$101,"1 - Mevcut metadata eşlemeyi destekliyor") -> 0 | F2: =COUNTIFS(İnceleme!$B$2:$B$101,$A2,İnceleme!$R$2:$R$101,"2 - Eşleme kurala uygun, ancak gerçek DLP anlamı için bağlam yetersiz") -> 25 | G2: =COUNTIFS(İnceleme!$B$2:$B$101,$A2,İnceleme!$R$2:$R$101,"3 - Eşleme hatalı") -> 0 | H2: =COUNTIFS(İnceleme!$B$2:$B$101,$A2,İnceleme!$R$2:$R$101,"4 - Karar verilemedi") -> 0 | I2: =B2-SUM(E2:H2) -> 0
A3: HTTP / bulut | B3: =COUNTIFS(İnceleme!$B$2:$B$101,$A3) -> 25 | C3: =COUNTIFS(İnceleme!$B$2:$B$101,$A3,İnceleme!$L$2:$L$101,"Kurala uygun") -> 25 | D3: =COUNTIFS(İnceleme!$B$2:$B$101,$A3,İnceleme!$M$2:$M$101,"Evet") -> 0 | E3: =COUNTIFS(İnceleme!$B$2:$B$101,$A3,İnceleme!$R$2:$R$101,"1 - Mevcut metadata eşlemeyi destekliyor") -> 0 | F3: =COUNTIFS(İnceleme!$B$2:$B$101,$A3,İnceleme!$R$2:$R$101,"2 - Eşleme kurala uygun, ancak gerçek DLP anlamı için bağlam yetersiz") -> 25 | G3: =COUNTIFS(İnceleme!$B$2:$B$101,$A3,İnceleme!$R$2:$R$101,"3 - Eşleme hatalı") -> 0 | H3: =COUNTIFS(İnceleme!$B$2:$B$101,$A3,İnceleme!$R$2:$R$101,"4 - Karar verilemedi") -> 0 | I3: =B3-SUM(E3:H3) -> 0
A4: Çıkarılabilir cihaz | B4: =COUNTIFS(İnceleme!$B$2:$B$101,$A4) -> 25 | C4: =COUNTIFS(İnceleme!$B$2:$B$101,$A4,İnceleme!$L$2:$L$101,"Kurala uygun") -> 25 | D4: =COUNTIFS(İnceleme!$B$2:$B$101,$A4,İnceleme!$M$2:$M$101,"Evet") -> 0 | E4: =COUNTIFS(İnceleme!$B$2:$B$101,$A4,İnceleme!$R$2:$R$101,"1 - Mevcut metadata eşlemeyi destekliyor") -> 0 | F4: =COUNTIFS(İnceleme!$B$2:$B$101,$A4,İnceleme!$R$2:$R$101,"2 - Eşleme kurala uygun, ancak gerçek DLP anlamı için bağlam yetersiz") -> 25 | G4: =COUNTIFS(İnceleme!$B$2:$B$101,$A4,İnceleme!$R$2:$R$101,"3 - Eşleme hatalı") -> 0 | H4: =COUNTIFS(İnceleme!$B$2:$B$101,$A4,İnceleme!$R$2:$R$101,"4 - Karar verilemedi") -> 0 | I4: =B4-SUM(E4:H4) -> 0
A5: Dosya | B5: =COUNTIFS(İnceleme!$B$2:$B$101,$A5) -> 25 | C5: =COUNTIFS(İnceleme!$B$2:$B$101,$A5,İnceleme!$L$2:$L$101,"Kurala uygun") -> 25 | D5: =COUNTIFS(İnceleme!$B$2:$B$101,$A5,İnceleme!$M$2:$M$101,"Evet") -> 20 | E5: =COUNTIFS(İnceleme!$B$2:$B$101,$A5,İnceleme!$R$2:$R$101,"1 - Mevcut metadata eşlemeyi destekliyor") -> 0 | F5: =COUNTIFS(İnceleme!$B$2:$B$101,$A5,İnceleme!$R$2:$R$101,"2 - Eşleme kurala uygun, ancak gerçek DLP anlamı için bağlam yetersiz") -> 25 | G5: =COUNTIFS(İnceleme!$B$2:$B$101,$A5,İnceleme!$R$2:$R$101,"3 - Eşleme hatalı") -> 0 | H5: =COUNTIFS(İnceleme!$B$2:$B$101,$A5,İnceleme!$R$2:$R$101,"4 - Karar verilemedi") -> 0 | I5: =B5-SUM(E5:H5) -> 0
A6: Toplam | B6: =SUM(B2:B5) -> 100 | C6: =SUM(C2:C5) -> 100 | D6: =SUM(D2:D5) -> 39 | E6: =SUM(E2:E5) -> 0 | F6: =SUM(F2:F5) -> 100 | G6: =SUM(G2:G5) -> 0 | H6: =SUM(H2:H5) -> 0 | I6: =SUM(I2:I5) -> 0
A8: C–D sütunları otomatik ön analizdir; E–I sütunları yalnızca 'İnceleme' sayfasındaki yazar girişlerinden hesaplanır.

Sheet Listeler
A1: 1 - Mevcut metadata eşlemeyi destekliyor
A2: 2 - Eşleme kurala uygun, ancak gerçek DLP anlamı için bağlam yetersiz
A3: 3 - Eşleme hatalı
A4: 4 - Karar verilemedi
